{
	"info": {
		"_postman_id": "eebc7381-4446-4425-96a2-0e7792cc655e",
		"name": "Prueba Tecnica",
		"schema": "https://schema.getpostman.com/json/collection/v2.1.0/collection.json",
		"_exporter_id": "24590849"
	},
	"item": [
		{
			"name": "Save Film",
			"request": {
				"method": "POST",
				"header": [],
				"body": {
					"mode": "raw",
					"raw": "{\n    \"title\": \"Otra\",\n    \"description\": \"\",\n    \"year\": 0,\n    \"rentalDuration\": 0,\n    \"rating\": 0,\n    \"duration\": 0,\n    \"rentalPrice\": 0,\n    \"categories\": []\n}",
					"options": {
						"raw": {
							"language": "json"
						}
					}
				},
				"url": {
					"raw": "http://localhost:8080/film",
					"protocol": "http",
					"host": [
						"localhost"
					],
					"port": "8080",
					"path": [
						"film"
					]
				}
			},
			"response": []
		},
		{
			"name": "Update Film",
			"request": {
				"method": "POST",
				"header": [],
				"body": {
					"mode": "raw",
					"raw": "{\n    \"filmId\": 1,\n    \"title\": \"Otra\",\n    \"description\": \"\",\n    \"year\": 0,\n    \"rentalDuration\": 0,\n    \"rating\": 0,\n    \"duration\": 0,\n    \"rentalPrice\": 0,\n    \"categories\": []\n}",
					"options": {
						"raw": {
							"language": "json"
						}
					}
				},
				"url": {
					"raw": "http://localhost:8080/film",
					"protocol": "http",
					"host": [
						"localhost"
					],
					"port": "8080",
					"path": [
						"film"
					]
				}
			},
			"response": []
		},
		{
			"name": "Get Films",
			"request": {
				"method": "GET",
				"header": [],
				"url": {
					"raw": "http://localhost:8080/film",
					"protocol": "http",
					"host": [
						"localhost"
					],
					"port": "8080",
					"path": [
						"film"
					]
				}
			},
			"response": []
		},
		{
			"name": "Delete Film",
			"request": {
				"method": "DELETE",
				"header": [],
				"url": {
					"raw": "http://localhost:8080/film/8",
					"protocol": "http",
					"host": [
						"localhost"
					],
					"port": "8080",
					"path": [
						"film",
						"8"
					]
				}
			},
			"response": []
		},
		{
			"name": "Available",
			"request": {
				"method": "GET",
				"header": [],
				"url": {
					"raw": "http://localhost:8080/film/available/1",
					"protocol": "http",
					"host": [
						"localhost"
					],
					"port": "8080",
					"path": [
						"film",
						"available",
						"1"
					]
				}
			},
			"response": []
		}
	]
}